{
    "requisitionSearch.actions": "Actions",
    "requisitionSearch.dateInitiated": "Date initiated",
    "requisitionSearch.emergency": "Emergency",
    "requisitionSearch.endDate": "End date",
    "requisitionSearch.facility": "Facility",
    "requisitionSearch.from": "From",
    "requisitionSearch.noFacilitiesFound": "No facilities found",
    "requisitionSearch.noProgramsForFacility": "There are no programs for this facility. Please contact the Admin.",
    "requisitionSearch.noRequisitionsFound": "No requisitions found",
    "requisitionSearch.offline": "Offline",
    "requisitionSearch.period": "Period",
    "requisitionSearch.program": "Program",
    "requisitionSearch.removeOfflineRequisition.confirm": "Are you sure you want to remove this requisition from offline storage?",
    "requisitionSearch.removeOfflineRequisition.label": "Remove Offline Requisition",
    "requisitionSearch.search": "Search",
    "requisitionSearch.selectFacility": "Select facility",
    "requisitionSearch.selectProgram": "Select program",
    "requisitionSearch.selectStatus": "Select status",
    "requisitionSearch.startDate": "Start date",
    "requisitionSearch.status": "Status",
    "requisitionSearch.to": "To",
    "requisitionSearch.view": "View",
    "requisitionSearch.viewRequisition": "View Requisition",
    "requisitionSearch.viewRequisitions": "View Requisitions"
}
