{
    "requisitionInitiate.actions": "Actions",
    "requisitionInitiate.couldNotInitiateRequisition": "Could not initiate requisition",
    "requisitionInitiate.createAuthorize": "Create/Authorize",
    "requisitionInitiate.emergency": "Emergency/Redistribution",
    "requisitionInitiate.endDate": "End date",
    "requisitionInitiate.errorOccurred": "Error occurred",
    "requisitionInitiate.facility": "Facility",
    "requisitionInitiate.facilityType": "Facility type",
    "requisitionInitiate.initiateReportAndRequisition": "Initiate Report and Requisition",
    "requisitionInitiate.myFacility": "My facility",
    "requisitionInitiate.noFacilitiesForProgram": "There are no facilities for program. Please contact the Admin.",
    "requisitionInitiate.noneAssigned": "None assigned",
    "requisitionInitiate.noPermissionToInitiateRequisition": "You have no permission to initiate requisition",
    "requisitionInitiate.noProgramsForFacility": "There are no programs for this facility. Please contact the Admin.",
    "requisitionInitiate.noRightToPerformThisAction": "You do not have the right to perform this action",
    "requisitionInitiate.notYetStarted": "Not yet started",
    "requisitionInitiate.periods": "Period(s)",
    "requisitionInitiate.previousPending": "Previous R&R pending",
    "requisitionInitiate.proceed": "Proceed",
    "requisitionInitiate.program": "Program",
    "requisitionInitiate.regular": "Regular",
    "requisitionInitiate.rnrStatus": "R&R Status",
    "requisitionInitiate.search": "Search",
    "requisitionInitiate.selectFacility": "Select facility",
    "requisitionInitiate.selectProgram": "Select program",
    "requisitionInitiate.selectRequiredFields": "Select required fields. Please contact the Admin if no periods are available.",
    "requisitionInitiate.startDate": "Start date",
    "requisitionInitiate.supervisedFacility": "Supervised facility",
    "requisitionInitiate.type": "Type",
    "requisitionInitiate.programNotSupported.label": "Program not supported",
    "requisitionInitiate.programNotSupported.message": "This program is inactive, please check with Admin."
}
