{
    "requisitionConvertToOrder.all": "All",
    "requisitionConvertToOrder.convertRequisitionsToOrder": "Convert Requisitions to Order",
    "requisitionConvertToOrder.convertToOrder.confirm": "Are you sure you want to convert this R&R(s) to order(s)?",
    "requisitionConvertToOrder.convertToOrder.label": "Convert to Order",
    "requisitionConvertToOrder.convertToOrder.success": "The requisition(s) have been successfully converted to an order(s)",
    "requisitionConvertToOrder.releaseWithoutOrder.label": "Release without order",
    "requisitionConvertToOrder.releaseWithoutOrder.confirm": "Are you sure you want to release this R&R(s) without order(s)?",
    "requisitionConvertToOrder.releaseWithoutOrder.success": "The requisition(s) have been successfully released without order(s)",
    "requisitionConvertToOrder.dateApproved": "Date approved",
    "requisitionConvertToOrder.districtName": "District name",
    "requisitionConvertToOrder.emergency": "Emergency",
    "requisitionConvertToOrder.endDate": "End date",
    "requisitionConvertToOrder.errorOccurred": "Error occurred",
    "requisitionConvertToOrder.facility": "Facility",
    "requisitionConvertToOrder.facilityCode": "Facility code",
    "requisitionConvertToOrder.facilityName": "Facility name",
    "requisitionConvertToOrder.noRequisitionToConvert": "No requisitions to be converted to orders",
    "requisitionConvertToOrder.noSearchResults": "No requisitions for convert found",
    "requisitionConvertToOrder.noSupplyingDepotSelected": "Supplying depot not selected",
    "requisitionConvertToOrder.period": "Period",
    "requisitionConvertToOrder.program": "Program",
    "requisitionConvertToOrder.search": "Search",
    "requisitionConvertToOrder.selectAtLeastOneRnr": "Please select at least one requisition for converting to order.",
    "requisitionConvertToOrder.selectAtLeastOneRnrWithoutOrder" : "Please select at least one requisition to release without order.",
    "requisitionConvertToOrder.startDate": "Start date",
    "requisitionConvertToOrder.supplyingDepot": "Supplying depot",
    "requisitionConvertToOrder.searchInfo": "In order to filter Requisitions type in one of the following parameters: Program Name, Facility Name or Facility Code and click \"Search\" button."
}